Key,MissingFolders,ExtraFolders,Timestamp
A200-M1-i,Estimates,,2025-08-29T11:25:39
A200-M1-ii,Estimates,,2025-08-29T11:25:39
A200-M1-iii,Estimates,,2025-08-29T11:25:39
A200-M1-iv,Estimates,,2025-08-29T11:25:39
A200-M2-i,Estimates,,2025-08-29T11:25:38
A200-M2-ii,Estimates,,2025-08-29T11:25:38
A200-M3,Estimates,,2025-08-29T11:25:38
A200-M3-ii,Estimates,,2025-08-29T11:25:38
A300-M2-i,Estimates,,2025-08-29T11:25:38
A300-M2-ii,Estimates,,2025-08-29T11:25:38
A300-M3-i,Estimates,,2025-08-29T11:25:38
A300-M3-ii,Estimates,,2025-08-29T11:25:38
A300-M4-i,Estimates,,2025-08-29T11:25:38
A400-M2-i,Estimates,,2025-08-29T11:25:38
A400-M3-i,Estimates,,2025-08-29T11:25:38
A400-M3-ii,Estimates,,2025-08-29T11:25:38
A400-M3-iii,Estimates,,2025-08-29T11:25:38
B1000-M1,Estimates,,2025-08-29T11:25:38
B300-M1-i,Estimates,,2025-08-29T11:25:39
B400-M1-i,Estimates,,2025-08-29T11:25:38
B400-M10,Estimates,,2025-08-29T11:25:38
B400-M2,Estimates,,2025-08-29T11:25:38
B400-M2-i,Estimates,,2025-08-29T11:25:39
B400-M3,Estimates,,2025-08-29T11:25:39
B400-M3-i,Estimates,,2025-08-29T11:25:39
B400-M4,Estimates,,2025-08-29T11:25:38
B400-M5,Estimates,,2025-08-29T11:25:38
B400-M6,Estimates,,2025-08-29T11:25:38
B400-M7,Estimates,,2025-08-29T11:25:38
B400-M8,Estimates,,2025-08-29T11:25:38
B400-M9,Estimates,,2025-08-29T11:25:38
B500-M1,Estimates,,2025-08-29T11:25:38
B500-M2,Estimates,,2025-08-29T11:25:38
B500-M3,Estimates,,2025-08-29T11:25:38
B500-M4,Estimates,,2025-08-29T11:25:38
B500-M5,Estimates,,2025-08-29T11:25:38
B500-M6,Estimates,,2025-08-29T11:25:38
B500-M7,Estimates,,2025-08-29T11:25:38
B500-M8,Estimates,,2025-08-29T11:25:38
B600-M1-i,Estimates,,2025-08-29T11:25:38
B600-M1-ii,Estimates,,2025-08-29T11:25:38
B600-M2,Estimates,,2025-08-29T11:25:38
B600-M3,Estimates,,2025-08-29T11:25:38
B600-M4,Estimates,,2025-08-29T11:25:38
B600-M5,Estimates,,2025-08-29T11:25:38
B600-M6,Estimates,,2025-08-29T11:25:38
B600-M7,Estimates,,2025-08-29T11:25:38
B600-M8,Estimates,,2025-08-29T11:25:38
B700-M1,Estimates,,2025-08-29T11:25:38
B700-M2,Estimates,,2025-08-29T11:25:38
B700-M3,Estimates,,2025-08-29T11:25:38
B700-M4,Estimates,,2025-08-29T11:25:38
C1000-M1,Estimates,,2025-08-29T11:25:38
C1000-M2,Estimates,,2025-08-29T11:25:39
C500-M1,Estimates,,2025-08-29T11:25:38
C600-M1,Estimates,,2025-08-29T11:25:38
C600-M2,Estimates,,2025-08-29T11:25:38
C600-M3,Estimates,,2025-08-29T11:25:38
C600-M4,Estimates,,2025-08-29T11:25:38
C600-M5,Estimates,,2025-08-29T11:25:38
C600-M6,Estimates,,2025-08-29T11:25:38
C600-M7,Estimates,,2025-08-29T11:25:38
C700-M1,Estimates,,2025-08-29T11:25:38
C700-M10,Estimates,,2025-08-29T11:25:38
C700-M11,Estimates,,2025-08-29T11:25:38
C700-M12,Estimates,,2025-08-29T11:25:38
C700-M2,Estimates,,2025-08-29T11:25:38
C700-M3,Estimates,,2025-08-29T11:25:38
C700-M4,Estimates,,2025-08-29T11:25:38
C700-M5,Estimates,,2025-08-29T11:25:38
C700-M6,Estimates,,2025-08-29T11:25:38
C700-M7-i,Estimates,,2025-08-29T11:25:38
C700-M7-ii,Estimates,,2025-08-29T11:25:38
C700-M8,Estimates,,2025-08-29T11:25:38
C700-M9-i,Estimates,,2025-08-29T11:25:38
C700-M9-ii,Estimates,,2025-08-29T11:25:38
C800-M1,Estimates,,2025-08-29T11:25:38
C800-M2,Estimates,,2025-08-29T11:25:38
C800-M3,Estimates,,2025-08-29T11:25:39
C900-M1,Estimates,,2025-08-29T11:25:38
C900-M2,Estimates,,2025-08-29T11:25:39
C900-M3,Estimates,,2025-08-29T11:25:39
C900-M4,Estimates,,2025-08-29T11:25:39
C900-M5,Estimates,,2025-08-29T11:25:39
D1000-M1,Estimates,,2025-08-29T11:25:39
D1000-M2,Estimates,,2025-08-29T11:25:39
D1000-M3,Estimates,,2025-08-29T11:25:39
D700-M1,Estimates,,2025-08-29T11:25:38
D900-M1,Estimates,,2025-08-29T11:25:39
D900-M1-i,Estimates,,2025-08-29T11:25:39
D900-M2,Estimates,,2025-08-29T11:25:39
