Timestamp,FileName,Status,Error
8/28/2025 6:10:59 PM,A200-M1-ii.rvt,Success,
8/28/2025 6:11:01 PM,A200-M1-ii.0001.rvt,Success,
Timestamp,FileName,Status,Error
8/28/2025 6:49:04 PM,A200-M3-ii,Saved,
8/28/2025 6:49:04 PM,A200-M3-ii.rvt,Success,
8/28/2025 6:49:07 PM,A200-M1-i,Saved,
8/28/2025 6:49:07 PM,A200-M1-i.rvt,Success,
8/28/2025 6:49:10 PM,A200-M1-ii,Saved,
8/28/2025 6:49:10 PM,A200-M1-ii.rvt,Success,
8/28/2025 6:49:11 PM,A200-M1-iii,Saved,
8/28/2025 6:49:11 PM,A200-M1-iii.rvt,Success,
8/28/2025 6:49:11 PM,A200-M1-iv,Saved,
8/28/2025 6:49:12 PM,A200-M1-iv.rvt,Success,
8/28/2025 6:49:14 PM,A200-M2-i,Saved,
8/28/2025 6:49:15 PM,A200-M2-i.rvt,Success,
8/28/2025 6:49:17 PM,A200-M2-ii,Saved,
8/28/2025 6:49:17 PM,A200-M2-ii.rvt,Success,
8/28/2025 6:49:18 PM,A200-M3,Saved,
8/28/2025 6:49:18 PM,A200-M3.rvt,Success,
Timestamp,FileName,Status,Error
8/29/2025 9:52:27 AM,A200-M3-ii,Saved,
8/29/2025 9:52:27 AM,A200-M3-ii.rvt,Success,
8/29/2025 9:52:29 AM,A200-M1-i,Saved,
8/29/2025 9:52:30 AM,A200-M1-i.rvt,Success,
8/29/2025 9:52:32 AM,A200-M1-ii,Saved,
8/29/2025 9:52:33 AM,A200-M1-ii.rvt,Success,
8/29/2025 9:52:33 AM,A200-M1-iii,Saved,
8/29/2025 9:52:33 AM,A200-M1-iii.rvt,Success,
8/29/2025 9:52:34 AM,A200-M1-iv,Saved,
8/29/2025 9:52:34 AM,A200-M1-iv.rvt,Success,
8/29/2025 9:52:36 AM,A200-M2-i,Saved,
8/29/2025 9:52:37 AM,A200-M2-i.rvt,Success,
8/29/2025 9:52:41 AM,A200-M2-ii,Saved,
8/29/2025 9:52:41 AM,A200-M2-ii.rvt,Success,
8/29/2025 9:52:42 AM,A200-M3,Saved,
8/29/2025 9:52:42 AM,A200-M3.rvt,Success,
Timestamp,FileName,Status,Error
8/29/2025 10:15:18 AM,C700-M5,Saved,
8/29/2025 10:15:18 AM,C700-M5.rvt,Success,
8/29/2025 10:15:18 AM,C700-M4,Saved,
8/29/2025 10:15:19 AM,C700-M4.rvt,Success,
8/29/2025 10:15:19 AM,C700-M3,Saved,
8/29/2025 10:15:19 AM,C700-M3.rvt,Success,
8/29/2025 10:15:20 AM,C700-M2,Saved,
8/29/2025 10:15:20 AM,C700-M2.rvt,Success,
8/29/2025 10:15:21 AM,C700-M1,Saved,
8/29/2025 10:15:21 AM,C700-M1.rvt,Success,
8/29/2025 10:15:21 AM,B700-M4,Saved,
8/29/2025 10:15:22 AM,B700-M4.rvt,Success,
8/29/2025 10:15:22 AM,B700-M3,Saved,
8/29/2025 10:15:22 AM,B700-M3.rvt,Success,
8/29/2025 10:15:23 AM,B700-M2,Saved,
8/29/2025 10:15:23 AM,B700-M2.rvt,Success,
8/29/2025 10:15:24 AM,B700-M1,Saved,
8/29/2025 10:15:24 AM,B700-M1.rvt,Success,
8/29/2025 10:15:25 AM,B500-M8,Saved,
8/29/2025 10:15:25 AM,B500-M8.rvt,Success,
8/29/2025 10:15:26 AM,B600-M8,Saved,
8/29/2025 10:15:26 AM,B600-M8.rvt,Success,
8/29/2025 10:15:26 AM,B500-M7,Saved,
8/29/2025 10:15:27 AM,B500-M7.rvt,Success,
8/29/2025 10:15:27 AM,C600-M7,Saved,
8/29/2025 10:15:27 AM,C600-M7.rvt,Success,
8/29/2025 10:15:28 AM,C600-M1,Saved,
8/29/2025 10:15:28 AM,C600-M1.rvt,Success,
8/29/2025 10:15:28 AM,C600-M4,Saved,
8/29/2025 10:15:29 AM,C600-M4.rvt,Success,
8/29/2025 10:15:29 AM,C600-M3,Saved,
8/29/2025 10:15:29 AM,C600-M3.rvt,Success,
8/29/2025 10:15:30 AM,C600-M2,Saved,
8/29/2025 10:15:30 AM,C600-M2.rvt,Success,
8/29/2025 10:15:31 AM,B600-M5,Saved,
8/29/2025 10:15:31 AM,B600-M5.rvt,Success,
8/29/2025 10:15:31 AM,C600-M6,Saved,
8/29/2025 10:15:32 AM,C600-M6.rvt,Success,
8/29/2025 10:15:32 AM,B600-M4,Saved,
8/29/2025 10:15:32 AM,B600-M4.rvt,Success,
8/29/2025 10:15:33 AM,C600-M5,Saved,
8/29/2025 10:15:33 AM,C600-M5.rvt,Success,
8/29/2025 10:15:33 AM,B600-M3,Saved,
8/29/2025 10:15:34 AM,B600-M3.rvt,Success,
8/29/2025 10:15:34 AM,B600-M7,Saved,
8/29/2025 10:15:34 AM,B600-M7.rvt,Success,
8/29/2025 10:15:35 AM,B600-M2,Saved,
8/29/2025 10:15:35 AM,B600-M2.rvt,Success,
8/29/2025 10:15:36 AM,B600-M6,Saved,
8/29/2025 10:15:36 AM,B600-M6.rvt,Success,
8/29/2025 10:15:36 AM,B600-M1-ii,Saved,
8/29/2025 10:15:37 AM,B600-M1-ii.rvt,Success,
8/29/2025 10:15:37 AM,B600-M1-i,Saved,
8/29/2025 10:15:37 AM,B600-M1-i.rvt,Success,
8/29/2025 10:15:38 AM,B500-M2,Saved,
8/29/2025 10:15:38 AM,B500-M2.rvt,Success,
8/29/2025 10:15:39 AM,C500-M1,Saved,
8/29/2025 10:15:39 AM,C500-M1.rvt,Success,
8/29/2025 10:15:39 AM,B500-M6,Saved,
8/29/2025 10:15:40 AM,B500-M6.rvt,Success,
8/29/2025 10:15:40 AM,B400-M1-i,Saved,
8/29/2025 10:15:40 AM,B400-M1-i.rvt,Success,
8/29/2025 10:15:41 AM,A300-M3-ii,Saved,
8/29/2025 10:15:41 AM,A300-M3-ii.rvt,Success,
8/29/2025 10:15:42 AM,A300-M3-i,Saved,
8/29/2025 10:15:42 AM,A300-M3-i.rvt,Success,
8/29/2025 10:15:42 AM,A300-M2-i,Saved,
8/29/2025 10:15:43 AM,A300-M2-i.rvt,Success,
8/29/2025 10:15:44 AM,A200-M2-ii,Saved,
8/29/2025 10:15:44 AM,A200-M2-ii.rvt,Error,The active document may not be closed from the API.
8/29/2025 10:15:47 AM,A200-M2-i,Saved,
8/29/2025 10:15:47 AM,A200-M2-i.rvt,Success,
8/29/2025 10:15:48 AM,A400-M3-iii,Saved,
8/29/2025 10:15:48 AM,A400-M3-iii.rvt,Success,
8/29/2025 10:15:49 AM,A400-M3-ii,Saved,
8/29/2025 10:15:49 AM,A400-M3-ii.rvt,Success,
8/29/2025 10:15:49 AM,A400-M3-i,Saved,
8/29/2025 10:15:50 AM,A400-M3-i.rvt,Success,
8/29/2025 10:15:50 AM,A400-M2-i,Saved,
8/29/2025 10:15:50 AM,A400-M2-i.rvt,Success,
8/29/2025 10:15:51 AM,A300-M2-ii,Saved,
8/29/2025 10:15:51 AM,A300-M2-ii.rvt,Success,
8/29/2025 10:15:52 AM,A200-M3-ii,Saved,
8/29/2025 10:15:52 AM,A200-M3-ii.rvt,Success,
8/29/2025 10:15:52 AM,C900-M1,Saved,
8/29/2025 10:15:53 AM,C900-M1.rvt,Success,
8/29/2025 10:15:53 AM,A200-M3,Saved,
8/29/2025 10:15:53 AM,A200-M3.rvt,Success,
8/29/2025 10:15:54 AM,C1000-M1,Saved,
8/29/2025 10:15:54 AM,C1000-M1.rvt,Success,
8/29/2025 10:15:55 AM,A300-M4-i,Saved,
8/29/2025 10:15:55 AM,A300-M4-i.rvt,Success,
8/29/2025 10:15:55 AM,C800-M2,Saved,
8/29/2025 10:15:56 AM,C800-M2.rvt,Success,
8/29/2025 10:15:56 AM,C800-M1,Saved,
8/29/2025 10:15:56 AM,C800-M1.rvt,Success,
8/29/2025 10:15:57 AM,B1000-M1,Saved,
8/29/2025 10:15:58 AM,B1000-M1.rvt,Success,
8/29/2025 10:15:58 AM,C700-M12,Saved,
8/29/2025 10:15:58 AM,C700-M12.rvt,Success,
8/29/2025 10:15:59 AM,C700-M10,Saved,
8/29/2025 10:15:59 AM,C700-M10.rvt,Success,
8/29/2025 10:15:59 AM,C700-M9-ii,Saved,
8/29/2025 10:16:00 AM,C700-M9-ii.rvt,Success,
8/29/2025 10:16:00 AM,C700-M9-i,Saved,
8/29/2025 10:16:00 AM,C700-M9-i.rvt,Success,
8/29/2025 10:16:01 AM,C700-M8,Saved,
8/29/2025 10:16:01 AM,C700-M8.rvt,Success,
8/29/2025 10:16:01 AM,C700-M7-ii,Saved,
8/29/2025 10:16:02 AM,C700-M7-ii.rvt,Success,
8/29/2025 10:16:02 AM,C700-M7-i,Saved,
8/29/2025 10:16:02 AM,C700-M7-i.rvt,Success,
8/29/2025 10:16:03 AM,D700-M1,Saved,
8/29/2025 10:16:03 AM,D700-M1.rvt,Success,
8/29/2025 10:16:04 AM,C700-M11,Saved,
8/29/2025 10:16:04 AM,C700-M11.rvt,Success,
8/29/2025 10:16:04 AM,C700-M6,Saved,
8/29/2025 10:16:05 AM,C700-M6.rvt,Success,
8/29/2025 10:16:05 AM,B500-M5,Saved,
8/29/2025 10:16:05 AM,B500-M5.rvt,Success,
8/29/2025 10:16:06 AM,B500-M4,Saved,
8/29/2025 10:16:06 AM,B500-M4.rvt,Success,
8/29/2025 10:16:07 AM,B500-M3,Saved,
8/29/2025 10:16:07 AM,B500-M3.rvt,Success,
8/29/2025 10:16:07 AM,B500-M1,Saved,
8/29/2025 10:16:08 AM,B500-M1.rvt,Success,
8/29/2025 10:16:08 AM,B400-M10,Saved,
8/29/2025 10:16:08 AM,B400-M10.rvt,Success,
8/29/2025 10:16:09 AM,B400-M9,Saved,
8/29/2025 10:16:09 AM,B400-M9.rvt,Success,
8/29/2025 10:16:10 AM,B400-M8,Saved,
8/29/2025 10:16:10 AM,B400-M8.rvt,Success,
8/29/2025 10:16:10 AM,B400-M7,Saved,
8/29/2025 10:16:11 AM,B400-M7.rvt,Success,
8/29/2025 10:16:11 AM,B400-M6,Saved,
8/29/2025 10:16:11 AM,B400-M6.rvt,Success,
8/29/2025 10:16:12 AM,B400-M5,Saved,
8/29/2025 10:16:12 AM,B400-M5.rvt,Success,
8/29/2025 10:16:13 AM,B400-M4,Saved,
8/29/2025 10:16:13 AM,B400-M4.rvt,Success,
8/29/2025 10:16:13 AM,B400-M2,Saved,
8/29/2025 10:16:14 AM,B400-M2.rvt,Success,
8/29/2025 10:16:14 AM,B400-M3,Saved,
8/29/2025 10:16:14 AM,B400-M3.rvt,Success,
8/29/2025 10:16:15 AM,B400-M3-i,Saved,
8/29/2025 10:16:15 AM,B400-M3-i.rvt,Success,
8/29/2025 10:16:16 AM,B400-M2-i,Saved,
8/29/2025 10:16:16 AM,B400-M2-i.rvt,Success,
8/29/2025 10:16:16 AM,A200-M1-iv,Saved,
8/29/2025 10:16:17 AM,A200-M1-iv.rvt,Success,
8/29/2025 10:16:17 AM,A200-M1-iii,Saved,
8/29/2025 10:16:17 AM,A200-M1-iii.rvt,Success,
8/29/2025 10:16:18 AM,D900-M1-i,Saved,
8/29/2025 10:16:18 AM,D900-M1-i.rvt,Success,
8/29/2025 10:16:19 AM,D900-M2,Saved,
8/29/2025 10:16:19 AM,D900-M2.rvt,Success,
8/29/2025 10:16:19 AM,D900-M1,Saved,
8/29/2025 10:16:19 AM,D900-M1.rvt,Success,
8/29/2025 10:16:20 AM,D1000-M1,Saved,
8/29/2025 10:16:21 AM,D1000-M1.rvt,Success,
8/29/2025 10:16:21 AM,D1000-M3,Saved,
8/29/2025 10:16:21 AM,D1000-M3.rvt,Success,
8/29/2025 10:16:22 AM,C900-M5,Saved,
8/29/2025 10:16:22 AM,C900-M5.rvt,Success,
8/29/2025 10:16:23 AM,C900-M4,Saved,
8/29/2025 10:16:23 AM,C900-M4.rvt,Success,
8/29/2025 10:16:23 AM,D1000-M2,Saved,
8/29/2025 10:16:24 AM,D1000-M2.rvt,Success,
8/29/2025 10:16:24 AM,C800-M3,Saved,
8/29/2025 10:16:24 AM,C800-M3.rvt,Success,
8/29/2025 10:16:25 AM,C900-M3,Saved,
8/29/2025 10:16:25 AM,C900-M3.rvt,Success,
8/29/2025 10:16:26 AM,C1000-M2,Saved,
8/29/2025 10:16:26 AM,C1000-M2.rvt,Success,
8/29/2025 10:16:27 AM,C900-M2,Saved,
8/29/2025 10:16:27 AM,C900-M2.rvt,Success,
8/29/2025 10:16:27 AM,B300-M1-i,Saved,
8/29/2025 10:16:28 AM,B300-M1-i.rvt,Success,
8/29/2025 10:16:30 AM,A200-M1-ii,Saved,
8/29/2025 10:16:31 AM,A200-M1-ii.rvt,Success,
8/29/2025 10:16:34 AM,A200-M1-i,Saved,
8/29/2025 10:16:34 AM,A200-M1-i.rvt,Success,
