Key,Filename,Source,Destination,Timestamp
A200-M1-i,A200-M1-i.rvt,G:\Shared drives\GSADUs Projects\Our Models\0 - CATALOG\Output\A200-M1-i.rvt,G:\Shared drives\GSADUs Projects\Our Models\0 - CATALOG\3 - Models\A200-M1-i\RVT\A200-M1-i.rvt,2025-08-26T21:28:23
A200-M1-ii,A200-M1-ii.rvt,G:\Shared drives\GSADUs Projects\Our Models\0 - CATALOG\Output\A200-M1-ii.rvt,G:\Shared drives\GSADUs Projects\Our Models\0 - CATALOG\3 - Models\A200-M1-ii\RVT\A200-M1-ii.rvt,2025-08-26T21:28:23
A200-M1-iii,A200-M1-iii.rvt,G:\Shared drives\GSADUs Projects\Our Models\0 - CATALOG\Output\A200-M1-iii.rvt,G:\Shared drives\GSADUs Projects\Our Models\0 - CATALOG\3 - Models\A200-M1-iii\RVT\A200-M1-iii.rvt,2025-08-26T21:28:23
A200-M1-iv,A200-M1-iv.rvt,G:\Shared drives\GSADUs Projects\Our Models\0 - CATALOG\Output\A200-M1-iv.rvt,G:\Shared drives\GSADUs Projects\Our Models\0 - CATALOG\3 - Models\A200-M1-iv\RVT\A200-M1-iv.rvt,2025-08-26T21:28:23
A200-M2-i,A200-M2-i.rvt,G:\Shared drives\GSADUs Projects\Our Models\0 - CATALOG\Output\A200-M2-i.rvt,G:\Shared drives\GSADUs Projects\Our Models\0 - CATALOG\3 - Models\A200-M2-i\RVT\A200-M2-i.rvt,2025-08-26T21:28:22
A200-M2-ii,A200-M2-ii.rvt,G:\Shared drives\GSADUs Projects\Our Models\0 - CATALOG\Output\A200-M2-ii.rvt,G:\Shared drives\GSADUs Projects\Our Models\0 - CATALOG\3 - Models\A200-M2-ii\RVT\A200-M2-ii.rvt,2025-08-26T21:28:22
A200-M3,A200-M3.rvt,G:\Shared drives\GSADUs Projects\Our Models\0 - CATALOG\Output\A200-M3.rvt,G:\Shared drives\GSADUs Projects\Our Models\0 - CATALOG\3 - Models\A200-M3\RVT\A200-M3.rvt,2025-08-26T21:28:22
A200-M3-ii,A200-M3-ii.rvt,G:\Shared drives\GSADUs Projects\Our Models\0 - CATALOG\Output\A200-M3-ii.rvt,G:\Shared drives\GSADUs Projects\Our Models\0 - CATALOG\3 - Models\A200-M3-ii\RVT\A200-M3-ii.rvt,2025-08-26T21:28:22
A300-M2-i,A300-M2-i.rvt,G:\Shared drives\GSADUs Projects\Our Models\0 - CATALOG\Output\A300-M2-i.rvt,G:\Shared drives\GSADUs Projects\Our Models\0 - CATALOG\3 - Models\A300-M2-i\RVT\A300-M2-i.rvt,2025-08-26T21:28:22
A300-M2-ii,A300-M2-ii.rvt,G:\Shared drives\GSADUs Projects\Our Models\0 - CATALOG\Output\A300-M2-ii.rvt,G:\Shared drives\GSADUs Projects\Our Models\0 - CATALOG\3 - Models\A300-M2-ii\RVT\A300-M2-ii.rvt,2025-08-26T21:28:22
A300-M3-i,A300-M3-i.rvt,G:\Shared drives\GSADUs Projects\Our Models\0 - CATALOG\Output\A300-M3-i.rvt,G:\Shared drives\GSADUs Projects\Our Models\0 - CATALOG\3 - Models\A300-M3-i\RVT\A300-M3-i.rvt,2025-08-26T21:28:22
A300-M3-ii,A300-M3-ii.rvt,G:\Shared drives\GSADUs Projects\Our Models\0 - CATALOG\Output\A300-M3-ii.rvt,G:\Shared drives\GSADUs Projects\Our Models\0 - CATALOG\3 - Models\A300-M3-ii\RVT\A300-M3-ii.rvt,2025-08-26T21:28:22
A300-M4-i,A300-M4-i.rvt,G:\Shared drives\GSADUs Projects\Our Models\0 - CATALOG\Output\A300-M4-i.rvt,G:\Shared drives\GSADUs Projects\Our Models\0 - CATALOG\3 - Models\A300-M4-i\RVT\A300-M4-i.rvt,2025-08-26T21:28:22
A400-M2-i,A400-M2-i.rvt,G:\Shared drives\GSADUs Projects\Our Models\0 - CATALOG\Output\A400-M2-i.rvt,G:\Shared drives\GSADUs Projects\Our Models\0 - CATALOG\3 - Models\A400-M2-i\RVT\A400-M2-i.rvt,2025-08-26T21:28:22
A400-M3-i,A400-M3-i.rvt,G:\Shared drives\GSADUs Projects\Our Models\0 - CATALOG\Output\A400-M3-i.rvt,G:\Shared drives\GSADUs Projects\Our Models\0 - CATALOG\3 - Models\A400-M3-i\RVT\A400-M3-i.rvt,2025-08-26T21:28:22
A400-M3-ii,A400-M3-ii.rvt,G:\Shared drives\GSADUs Projects\Our Models\0 - CATALOG\Output\A400-M3-ii.rvt,G:\Shared drives\GSADUs Projects\Our Models\0 - CATALOG\3 - Models\A400-M3-ii\RVT\A400-M3-ii.rvt,2025-08-26T21:28:22
A400-M3-iii,A400-M3-iii.rvt,G:\Shared drives\GSADUs Projects\Our Models\0 - CATALOG\Output\A400-M3-iii.rvt,G:\Shared drives\GSADUs Projects\Our Models\0 - CATALOG\3 - Models\A400-M3-iii\RVT\A400-M3-iii.rvt,2025-08-26T21:28:22
B1000-M1,B1000-M1.rvt,G:\Shared drives\GSADUs Projects\Our Models\0 - CATALOG\Output\B1000-M1.rvt,G:\Shared drives\GSADUs Projects\Our Models\0 - CATALOG\3 - Models\B1000-M1\RVT\B1000-M1.rvt,2025-08-26T21:28:23
B300-M1-i,B300-M1-i.rvt,G:\Shared drives\GSADUs Projects\Our Models\0 - CATALOG\Output\B300-M1-i.rvt,G:\Shared drives\GSADUs Projects\Our Models\0 - CATALOG\3 - Models\B300-M1-i\RVT\B300-M1-i.rvt,2025-08-26T21:28:22
B400-M1-i,B400-M1-i.rvt,G:\Shared drives\GSADUs Projects\Our Models\0 - CATALOG\Output\B400-M1-i.rvt,G:\Shared drives\GSADUs Projects\Our Models\0 - CATALOG\3 - Models\B400-M1-i\RVT\B400-M1-i.rvt,2025-08-26T21:28:22
B400-M10,B400-M10.rvt,G:\Shared drives\GSADUs Projects\Our Models\0 - CATALOG\Output\B400-M10.rvt,G:\Shared drives\GSADUs Projects\Our Models\0 - CATALOG\3 - Models\B400-M10\RVT\B400-M10.rvt,2025-08-26T21:28:22
B400-M2,B400-M2.rvt,G:\Shared drives\GSADUs Projects\Our Models\0 - CATALOG\Output\B400-M2.rvt,G:\Shared drives\GSADUs Projects\Our Models\0 - CATALOG\3 - Models\B400-M2\RVT\B400-M2.rvt,2025-08-26T21:28:22
B400-M2-i,B400-M2-i.rvt,G:\Shared drives\GSADUs Projects\Our Models\0 - CATALOG\Output\B400-M2-i.rvt,G:\Shared drives\GSADUs Projects\Our Models\0 - CATALOG\3 - Models\B400-M2-i\RVT\B400-M2-i.rvt,2025-08-26T21:28:22
B400-M3,B400-M3.rvt,G:\Shared drives\GSADUs Projects\Our Models\0 - CATALOG\Output\B400-M3.rvt,G:\Shared drives\GSADUs Projects\Our Models\0 - CATALOG\3 - Models\B400-M3\RVT\B400-M3.rvt,2025-08-26T21:28:22
B400-M3-i,B400-M3-i.rvt,G:\Shared drives\GSADUs Projects\Our Models\0 - CATALOG\Output\B400-M3-i.rvt,G:\Shared drives\GSADUs Projects\Our Models\0 - CATALOG\3 - Models\B400-M3-i\RVT\B400-M3-i.rvt,2025-08-26T21:28:22
B400-M4,B400-M4.rvt,G:\Shared drives\GSADUs Projects\Our Models\0 - CATALOG\Output\B400-M4.rvt,G:\Shared drives\GSADUs Projects\Our Models\0 - CATALOG\3 - Models\B400-M4\RVT\B400-M4.rvt,2025-08-26T21:28:22
B400-M5,B400-M5.rvt,G:\Shared drives\GSADUs Projects\Our Models\0 - CATALOG\Output\B400-M5.rvt,G:\Shared drives\GSADUs Projects\Our Models\0 - CATALOG\3 - Models\B400-M5\RVT\B400-M5.rvt,2025-08-26T21:28:22
B400-M6,B400-M6.rvt,G:\Shared drives\GSADUs Projects\Our Models\0 - CATALOG\Output\B400-M6.rvt,G:\Shared drives\GSADUs Projects\Our Models\0 - CATALOG\3 - Models\B400-M6\RVT\B400-M6.rvt,2025-08-26T21:28:22
B400-M7,B400-M7.rvt,G:\Shared drives\GSADUs Projects\Our Models\0 - CATALOG\Output\B400-M7.rvt,G:\Shared drives\GSADUs Projects\Our Models\0 - CATALOG\3 - Models\B400-M7\RVT\B400-M7.rvt,2025-08-26T21:28:22
B400-M8,B400-M8.rvt,G:\Shared drives\GSADUs Projects\Our Models\0 - CATALOG\Output\B400-M8.rvt,G:\Shared drives\GSADUs Projects\Our Models\0 - CATALOG\3 - Models\B400-M8\RVT\B400-M8.rvt,2025-08-26T21:28:22
B400-M9,B400-M9.rvt,G:\Shared drives\GSADUs Projects\Our Models\0 - CATALOG\Output\B400-M9.rvt,G:\Shared drives\GSADUs Projects\Our Models\0 - CATALOG\3 - Models\B400-M9\RVT\B400-M9.rvt,2025-08-26T21:28:22
B500-M1,B500-M1.rvt,G:\Shared drives\GSADUs Projects\Our Models\0 - CATALOG\Output\B500-M1.rvt,G:\Shared drives\GSADUs Projects\Our Models\0 - CATALOG\3 - Models\B500-M1\RVT\B500-M1.rvt,2025-08-26T21:28:22
B500-M2,B500-M2.rvt,G:\Shared drives\GSADUs Projects\Our Models\0 - CATALOG\Output\B500-M2.rvt,G:\Shared drives\GSADUs Projects\Our Models\0 - CATALOG\3 - Models\B500-M2\RVT\B500-M2.rvt,2025-08-26T21:28:22
B500-M3,B500-M3.rvt,G:\Shared drives\GSADUs Projects\Our Models\0 - CATALOG\Output\B500-M3.rvt,G:\Shared drives\GSADUs Projects\Our Models\0 - CATALOG\3 - Models\B500-M3\RVT\B500-M3.rvt,2025-08-26T21:28:22
B500-M4,B500-M4.rvt,G:\Shared drives\GSADUs Projects\Our Models\0 - CATALOG\Output\B500-M4.rvt,G:\Shared drives\GSADUs Projects\Our Models\0 - CATALOG\3 - Models\B500-M4\RVT\B500-M4.rvt,2025-08-26T21:28:22
B500-M5,B500-M5.rvt,G:\Shared drives\GSADUs Projects\Our Models\0 - CATALOG\Output\B500-M5.rvt,G:\Shared drives\GSADUs Projects\Our Models\0 - CATALOG\3 - Models\B500-M5\RVT\B500-M5.rvt,2025-08-26T21:28:22
B500-M6,B500-M6.rvt,G:\Shared drives\GSADUs Projects\Our Models\0 - CATALOG\Output\B500-M6.rvt,G:\Shared drives\GSADUs Projects\Our Models\0 - CATALOG\3 - Models\B500-M6\RVT\B500-M6.rvt,2025-08-26T21:28:22
B500-M7,B500-M7.rvt,G:\Shared drives\GSADUs Projects\Our Models\0 - CATALOG\Output\B500-M7.rvt,G:\Shared drives\GSADUs Projects\Our Models\0 - CATALOG\3 - Models\B500-M7\RVT\B500-M7.rvt,2025-08-26T21:28:22
B500-M8,B500-M8.rvt,G:\Shared drives\GSADUs Projects\Our Models\0 - CATALOG\Output\B500-M8.rvt,G:\Shared drives\GSADUs Projects\Our Models\0 - CATALOG\3 - Models\B500-M8\RVT\B500-M8.rvt,2025-08-26T21:28:22
B600-M1-i,B600-M1-i.rvt,G:\Shared drives\GSADUs Projects\Our Models\0 - CATALOG\Output\B600-M1-i.rvt,G:\Shared drives\GSADUs Projects\Our Models\0 - CATALOG\3 - Models\B600-M1-i\RVT\B600-M1-i.rvt,2025-08-26T21:28:22
B600-M1-ii,B600-M1-ii.rvt,G:\Shared drives\GSADUs Projects\Our Models\0 - CATALOG\Output\B600-M1-ii.rvt,G:\Shared drives\GSADUs Projects\Our Models\0 - CATALOG\3 - Models\B600-M1-ii\RVT\B600-M1-ii.rvt,2025-08-26T21:28:22
B600-M2,B600-M2.rvt,G:\Shared drives\GSADUs Projects\Our Models\0 - CATALOG\Output\B600-M2.rvt,G:\Shared drives\GSADUs Projects\Our Models\0 - CATALOG\3 - Models\B600-M2\RVT\B600-M2.rvt,2025-08-26T21:28:22
B600-M3,B600-M3.rvt,G:\Shared drives\GSADUs Projects\Our Models\0 - CATALOG\Output\B600-M3.rvt,G:\Shared drives\GSADUs Projects\Our Models\0 - CATALOG\3 - Models\B600-M3\RVT\B600-M3.rvt,2025-08-26T21:28:22
B600-M4,B600-M4.rvt,G:\Shared drives\GSADUs Projects\Our Models\0 - CATALOG\Output\B600-M4.rvt,G:\Shared drives\GSADUs Projects\Our Models\0 - CATALOG\3 - Models\B600-M4\RVT\B600-M4.rvt,2025-08-26T21:28:22
B600-M5,B600-M5.rvt,G:\Shared drives\GSADUs Projects\Our Models\0 - CATALOG\Output\B600-M5.rvt,G:\Shared drives\GSADUs Projects\Our Models\0 - CATALOG\3 - Models\B600-M5\RVT\B600-M5.rvt,2025-08-26T21:28:22
B600-M6,B600-M6.rvt,G:\Shared drives\GSADUs Projects\Our Models\0 - CATALOG\Output\B600-M6.rvt,G:\Shared drives\GSADUs Projects\Our Models\0 - CATALOG\3 - Models\B600-M6\RVT\B600-M6.rvt,2025-08-26T21:28:22
B600-M7,B600-M7.rvt,G:\Shared drives\GSADUs Projects\Our Models\0 - CATALOG\Output\B600-M7.rvt,G:\Shared drives\GSADUs Projects\Our Models\0 - CATALOG\3 - Models\B600-M7\RVT\B600-M7.rvt,2025-08-26T21:28:22
B600-M8,B600-M8.rvt,G:\Shared drives\GSADUs Projects\Our Models\0 - CATALOG\Output\B600-M8.rvt,G:\Shared drives\GSADUs Projects\Our Models\0 - CATALOG\3 - Models\B600-M8\RVT\B600-M8.rvt,2025-08-26T21:28:23
B700-M1,B700-M1.rvt,G:\Shared drives\GSADUs Projects\Our Models\0 - CATALOG\Output\B700-M1.rvt,G:\Shared drives\GSADUs Projects\Our Models\0 - CATALOG\3 - Models\B700-M1\RVT\B700-M1.rvt,2025-08-26T21:28:23
B700-M2,B700-M2.rvt,G:\Shared drives\GSADUs Projects\Our Models\0 - CATALOG\Output\B700-M2.rvt,G:\Shared drives\GSADUs Projects\Our Models\0 - CATALOG\3 - Models\B700-M2\RVT\B700-M2.rvt,2025-08-26T21:28:23
B700-M3,B700-M3.rvt,G:\Shared drives\GSADUs Projects\Our Models\0 - CATALOG\Output\B700-M3.rvt,G:\Shared drives\GSADUs Projects\Our Models\0 - CATALOG\3 - Models\B700-M3\RVT\B700-M3.rvt,2025-08-26T21:28:23
B700-M4,B700-M4.rvt,G:\Shared drives\GSADUs Projects\Our Models\0 - CATALOG\Output\B700-M4.rvt,G:\Shared drives\GSADUs Projects\Our Models\0 - CATALOG\3 - Models\B700-M4\RVT\B700-M4.rvt,2025-08-26T21:28:23
C1000-M1,C1000-M1.rvt,G:\Shared drives\GSADUs Projects\Our Models\0 - CATALOG\Output\C1000-M1.rvt,G:\Shared drives\GSADUs Projects\Our Models\0 - CATALOG\3 - Models\C1000-M1\RVT\C1000-M1.rvt,2025-08-26T21:28:23
C1000-M2,C1000-M2.rvt,G:\Shared drives\GSADUs Projects\Our Models\0 - CATALOG\Output\C1000-M2.rvt,G:\Shared drives\GSADUs Projects\Our Models\0 - CATALOG\3 - Models\C1000-M2\RVT\C1000-M2.rvt,2025-08-26T21:28:23
C500-M1,C500-M1.rvt,G:\Shared drives\GSADUs Projects\Our Models\0 - CATALOG\Output\C500-M1.rvt,G:\Shared drives\GSADUs Projects\Our Models\0 - CATALOG\3 - Models\C500-M1\RVT\C500-M1.rvt,2025-08-26T21:28:22
C600-M1,C600-M1.rvt,G:\Shared drives\GSADUs Projects\Our Models\0 - CATALOG\Output\C600-M1.rvt,G:\Shared drives\GSADUs Projects\Our Models\0 - CATALOG\3 - Models\C600-M1\RVT\C600-M1.rvt,2025-08-26T21:28:22
C600-M2,C600-M2.rvt,G:\Shared drives\GSADUs Projects\Our Models\0 - CATALOG\Output\C600-M2.rvt,G:\Shared drives\GSADUs Projects\Our Models\0 - CATALOG\3 - Models\C600-M2\RVT\C600-M2.rvt,2025-08-26T21:28:22
C600-M3,C600-M3.rvt,G:\Shared drives\GSADUs Projects\Our Models\0 - CATALOG\Output\C600-M3.rvt,G:\Shared drives\GSADUs Projects\Our Models\0 - CATALOG\3 - Models\C600-M3\RVT\C600-M3.rvt,2025-08-26T21:28:22
C600-M4,C600-M4.rvt,G:\Shared drives\GSADUs Projects\Our Models\0 - CATALOG\Output\C600-M4.rvt,G:\Shared drives\GSADUs Projects\Our Models\0 - CATALOG\3 - Models\C600-M4\RVT\C600-M4.rvt,2025-08-26T21:28:22
C600-M5,C600-M5.rvt,G:\Shared drives\GSADUs Projects\Our Models\0 - CATALOG\Output\C600-M5.rvt,G:\Shared drives\GSADUs Projects\Our Models\0 - CATALOG\3 - Models\C600-M5\RVT\C600-M5.rvt,2025-08-26T21:28:22
C600-M6,C600-M6.rvt,G:\Shared drives\GSADUs Projects\Our Models\0 - CATALOG\Output\C600-M6.rvt,G:\Shared drives\GSADUs Projects\Our Models\0 - CATALOG\3 - Models\C600-M6\RVT\C600-M6.rvt,2025-08-26T21:28:22
C600-M7,C600-M7.rvt,G:\Shared drives\GSADUs Projects\Our Models\0 - CATALOG\Output\C600-M7.rvt,G:\Shared drives\GSADUs Projects\Our Models\0 - CATALOG\3 - Models\C600-M7\RVT\C600-M7.rvt,2025-08-26T21:28:23
C700-M1,C700-M1.rvt,G:\Shared drives\GSADUs Projects\Our Models\0 - CATALOG\Output\C700-M1.rvt,G:\Shared drives\GSADUs Projects\Our Models\0 - CATALOG\3 - Models\C700-M1\RVT\C700-M1.rvt,2025-08-26T21:28:23
C700-M10,C700-M10.rvt,G:\Shared drives\GSADUs Projects\Our Models\0 - CATALOG\Output\C700-M10.rvt,G:\Shared drives\GSADUs Projects\Our Models\0 - CATALOG\3 - Models\C700-M10\RVT\C700-M10.rvt,2025-08-26T21:28:23
C700-M11,C700-M11.rvt,G:\Shared drives\GSADUs Projects\Our Models\0 - CATALOG\Output\C700-M11.rvt,G:\Shared drives\GSADUs Projects\Our Models\0 - CATALOG\3 - Models\C700-M11\RVT\C700-M11.rvt,2025-08-26T21:28:23
C700-M12,C700-M12.rvt,G:\Shared drives\GSADUs Projects\Our Models\0 - CATALOG\Output\C700-M12.rvt,G:\Shared drives\GSADUs Projects\Our Models\0 - CATALOG\3 - Models\C700-M12\RVT\C700-M12.rvt,2025-08-26T21:28:23
C700-M2,C700-M2.rvt,G:\Shared drives\GSADUs Projects\Our Models\0 - CATALOG\Output\C700-M2.rvt,G:\Shared drives\GSADUs Projects\Our Models\0 - CATALOG\3 - Models\C700-M2\RVT\C700-M2.rvt,2025-08-26T21:28:23
C700-M3,C700-M3.rvt,G:\Shared drives\GSADUs Projects\Our Models\0 - CATALOG\Output\C700-M3.rvt,G:\Shared drives\GSADUs Projects\Our Models\0 - CATALOG\3 - Models\C700-M3\RVT\C700-M3.rvt,2025-08-26T21:28:23
C700-M4,C700-M4.rvt,G:\Shared drives\GSADUs Projects\Our Models\0 - CATALOG\Output\C700-M4.rvt,G:\Shared drives\GSADUs Projects\Our Models\0 - CATALOG\3 - Models\C700-M4\RVT\C700-M4.rvt,2025-08-26T21:28:23
C700-M5,C700-M5.rvt,G:\Shared drives\GSADUs Projects\Our Models\0 - CATALOG\Output\C700-M5.rvt,G:\Shared drives\GSADUs Projects\Our Models\0 - CATALOG\3 - Models\C700-M5\RVT\C700-M5.rvt,2025-08-26T21:28:23
C700-M6,C700-M6.rvt,G:\Shared drives\GSADUs Projects\Our Models\0 - CATALOG\Output\C700-M6.rvt,G:\Shared drives\GSADUs Projects\Our Models\0 - CATALOG\3 - Models\C700-M6\RVT\C700-M6.rvt,2025-08-26T21:28:23
C700-M7-i,C700-M7-i.rvt,G:\Shared drives\GSADUs Projects\Our Models\0 - CATALOG\Output\C700-M7-i.rvt,G:\Shared drives\GSADUs Projects\Our Models\0 - CATALOG\3 - Models\C700-M7-i\RVT\C700-M7-i.rvt,2025-08-26T21:28:23
C700-M7-ii,C700-M7-ii.rvt,G:\Shared drives\GSADUs Projects\Our Models\0 - CATALOG\Output\C700-M7-ii.rvt,G:\Shared drives\GSADUs Projects\Our Models\0 - CATALOG\3 - Models\C700-M7-ii\RVT\C700-M7-ii.rvt,2025-08-26T21:28:23
C700-M8,C700-M8.rvt,G:\Shared drives\GSADUs Projects\Our Models\0 - CATALOG\Output\C700-M8.rvt,G:\Shared drives\GSADUs Projects\Our Models\0 - CATALOG\3 - Models\C700-M8\RVT\C700-M8.rvt,2025-08-26T21:28:23
C700-M9-i,C700-M9-i.rvt,G:\Shared drives\GSADUs Projects\Our Models\0 - CATALOG\Output\C700-M9-i.rvt,G:\Shared drives\GSADUs Projects\Our Models\0 - CATALOG\3 - Models\C700-M9-i\RVT\C700-M9-i.rvt,2025-08-26T21:28:23
C700-M9-ii,C700-M9-ii.rvt,G:\Shared drives\GSADUs Projects\Our Models\0 - CATALOG\Output\C700-M9-ii.rvt,G:\Shared drives\GSADUs Projects\Our Models\0 - CATALOG\3 - Models\C700-M9-ii\RVT\C700-M9-ii.rvt,2025-08-26T21:28:23
C800-M1,C800-M1.rvt,G:\Shared drives\GSADUs Projects\Our Models\0 - CATALOG\Output\C800-M1.rvt,G:\Shared drives\GSADUs Projects\Our Models\0 - CATALOG\3 - Models\C800-M1\RVT\C800-M1.rvt,2025-08-26T21:28:23
C800-M2,C800-M2.rvt,G:\Shared drives\GSADUs Projects\Our Models\0 - CATALOG\Output\C800-M2.rvt,G:\Shared drives\GSADUs Projects\Our Models\0 - CATALOG\3 - Models\C800-M2\RVT\C800-M2.rvt,2025-08-26T21:28:23
C800-M3,C800-M3.rvt,G:\Shared drives\GSADUs Projects\Our Models\0 - CATALOG\Output\C800-M3.rvt,G:\Shared drives\GSADUs Projects\Our Models\0 - CATALOG\3 - Models\C800-M3\RVT\C800-M3.rvt,2025-08-26T21:28:23
C900-M1,C900-M1.rvt,G:\Shared drives\GSADUs Projects\Our Models\0 - CATALOG\Output\C900-M1.rvt,G:\Shared drives\GSADUs Projects\Our Models\0 - CATALOG\3 - Models\C900-M1\RVT\C900-M1.rvt,2025-08-26T21:28:23
C900-M2,C900-M2.rvt,G:\Shared drives\GSADUs Projects\Our Models\0 - CATALOG\Output\C900-M2.rvt,G:\Shared drives\GSADUs Projects\Our Models\0 - CATALOG\3 - Models\C900-M2\RVT\C900-M2.rvt,2025-08-26T21:28:23
C900-M3,C900-M3.rvt,G:\Shared drives\GSADUs Projects\Our Models\0 - CATALOG\Output\C900-M3.rvt,G:\Shared drives\GSADUs Projects\Our Models\0 - CATALOG\3 - Models\C900-M3\RVT\C900-M3.rvt,2025-08-26T21:28:23
C900-M4,C900-M4.rvt,G:\Shared drives\GSADUs Projects\Our Models\0 - CATALOG\Output\C900-M4.rvt,G:\Shared drives\GSADUs Projects\Our Models\0 - CATALOG\3 - Models\C900-M4\RVT\C900-M4.rvt,2025-08-26T21:28:23
C900-M5,C900-M5.rvt,G:\Shared drives\GSADUs Projects\Our Models\0 - CATALOG\Output\C900-M5.rvt,G:\Shared drives\GSADUs Projects\Our Models\0 - CATALOG\3 - Models\C900-M5\RVT\C900-M5.rvt,2025-08-26T21:28:23
D1000-M1,D1000-M1.rvt,G:\Shared drives\GSADUs Projects\Our Models\0 - CATALOG\Output\D1000-M1.rvt,G:\Shared drives\GSADUs Projects\Our Models\0 - CATALOG\3 - Models\D1000-M1\RVT\D1000-M1.rvt,2025-08-26T21:28:23
D1000-M2,D1000-M2.rvt,G:\Shared drives\GSADUs Projects\Our Models\0 - CATALOG\Output\D1000-M2.rvt,G:\Shared drives\GSADUs Projects\Our Models\0 - CATALOG\3 - Models\D1000-M2\RVT\D1000-M2.rvt,2025-08-26T21:28:23
D1000-M3,D1000-M3.rvt,G:\Shared drives\GSADUs Projects\Our Models\0 - CATALOG\Output\D1000-M3.rvt,G:\Shared drives\GSADUs Projects\Our Models\0 - CATALOG\3 - Models\D1000-M3\RVT\D1000-M3.rvt,2025-08-26T21:28:23
D700-M1,D700-M1.rvt,G:\Shared drives\GSADUs Projects\Our Models\0 - CATALOG\Output\D700-M1.rvt,G:\Shared drives\GSADUs Projects\Our Models\0 - CATALOG\3 - Models\D700-M1\RVT\D700-M1.rvt,2025-08-26T21:28:23
D900-M1,D900-M1.rvt,G:\Shared drives\GSADUs Projects\Our Models\0 - CATALOG\Output\D900-M1.rvt,G:\Shared drives\GSADUs Projects\Our Models\0 - CATALOG\3 - Models\D900-M1\RVT\D900-M1.rvt,2025-08-26T21:28:23
D900-M1-i,D900-M1-i.rvt,G:\Shared drives\GSADUs Projects\Our Models\0 - CATALOG\Output\D900-M1-i.rvt,G:\Shared drives\GSADUs Projects\Our Models\0 - CATALOG\3 - Models\D900-M1-i\RVT\D900-M1-i.rvt,2025-08-26T21:28:23
D900-M2,D900-M2.rvt,G:\Shared drives\GSADUs Projects\Our Models\0 - CATALOG\Output\D900-M2.rvt,G:\Shared drives\GSADUs Projects\Our Models\0 - CATALOG\3 - Models\D900-M2\RVT\D900-M2.rvt,2025-08-26T21:28:23
